duration,protocol,service,src_bytes,dst_bytes,failed_logins,connection_count,label
12,tcp,http,181,5450,0,5,normal
8,tcp,ftp,491,8291,0,4,normal
15,tcp,http,230,6012,0,6,normal
10,udp,dns,120,450,0,3,normal
20,tcp,https,320,7200,0,7,normal
2,tcp,http,5000,120,8,45,dos
1,tcp,http,6200,80,9,52,dos
3,udp,dns,7100,100,7,48,dos
2,tcp,ftp,6800,90,10,60,dos
4,tcp,http,7500,110,12,65,dos
45,tcp,unknown,80,20,0,80,probe
50,tcp,unknown,90,15,0,92,probe
38,udp,unknown,70,30,0,75,probe
42,tcp,unknown,110,25,0,88,probe
55,tcp,unknown,60,18,0,95,probe
25,tcp,ssh,900,300,6,20,r2l
30,tcp,ftp,850,250,7,22,r2l
28,tcp,ssh,1000,280,5,19,r2l
35,tcp,http,780,320,8,24,r2l
32,tcp,ftp,920,210,6,21,r2l
